ID,Type,SKU,Name,Published,"Is featured?","Visibility in catalog","Short description",Description,"Date sale price starts","Date sale price ends","Tax status","Tax class","In stock?",Stock,"Backorders allowed?","Sold individually?","Weight (lbs)","Length (in)","Width (in)","Height (in)","Allow customer reviews?","Purchase note","Sale price","Regular price",Categories,Tags,"Shipping class",Images,"Download limit","Download expiry days",Parent,"Grouped products",Upsells,Cross-sells,"External URL","Button text",Position,"Attribute 1 name","Attribute 1 value(s)","Attribute 1 visible","Attribute 1 global","Attribute 2 name","Attribute 2 value(s)","Attribute 2 visible","Attribute 2 global","Meta: _wpcom_is_markdown","Download 1 name","Download 1 URL","Download 2 name","Download 2 URL"
RSK177,simple,RSK177,Cacao en Polvo 1Kg,1,0,visible,,,,,taxable,,1,,,1,1,,,,,1,,,,"Clothing > Tshirts",,,"https://woocommercecore.mystagingwebsite.com/wp-content/uploads/2017/12/vneck-tee-2.jpg, https://woocommercecore.mystagingwebsite.com/wp-content/uploads/2017/12/vnech-tee-green-1.jpg, https://woocommercecore.mystagingwebsite.com/wp-content/uploads/2017/12/vnech-tee-blue-1.jpg",,,,,,,,,0,Color,"Blue, Green, Red",1,1,Size,"Large, Medium, Small",1,1,1,,,,
RS1872,simple,RS1872,Aceitunas C/Carozo 1Kg,1,0,visible,,,,,taxable,,1,,,1,1,,,,,1,,,"Clothing > Hoodies",,,"https://woocommercecore.mystagingwebsite.com/wp-content/uploads/2017/12/hoodie-2.jpg, https://woocommercecore.mystagingwebsite.com/wp-content/uploads/2017/12/hoodie-blue-1.jpg, https://woocommercecore.mystagingwebsite.com/wp-content/uploads/2017/12/hoodie-green-1.jpg, https://woocommercecore.mystagingwebsite.com/wp-content/uploads/2017/12/hoodie-with-logo-2.jpg",,,,,,,,,0,Color,"Blue, Green, Red",1,1,Logo,"Yes, No",1,0,1,,,,
RS717,simple,RS717,Aceitunas C/Carozo Hemmer 180g,1,0,visible,,,,,taxable,,1,,,1,1,,,,,1,,18,"Clothing > Tshirts",,,https://woocommercecore.mystagingwebsite.com/wp-content/uploads/2017/12/tshirt-2.jpg,,,,,,,,,0,Color,Gray,1,1,,,,,1,,,,
RS83,simple,RS83,Aceitunas en Rodajas 1Kg,1,0,visible,,,,,taxable,,1,,,1,1,,,,,1,,18,20,"Clothing > Accessories",,,https://woocommercecore.mystagingwebsite.com/wp-content/uploads/2017/12/beanie-2.jpg,,,,,,,,,0,Color,Red,1,1,,,,,1,,,,
RS1601,simple,RS1601,Aceitunas Negras Descarozadas 1Kg,1,0,visible,,,,,taxable,,1,,,1,1,,,,,1,,55,65,"Clothing > Accessories",,,https://woocommercecore.mystagingwebsite.com/wp-content/uploads/2017/12/belt-2.jpg,,,,,,,,,0,,,,,,,,,1,,,,
RS192,simple,RS192,Aceitunas S/Carozo 1Kg,1,0,visible,,,,,taxable,,1,,,1,1,,,,,1,,16,18,"Clothing > Accessories",,,https://woocommercecore.mystagingwebsite.com/wp-content/uploads/2017/12/cap-2.jpg,,,,,,,,,0,Color,Yellow,1,1,,,,,1,,,,
RS705,simple,RS705,Alcaparras 170g,1,0,visible,,,,,taxable,,1,,,1,1,,,,,1,,,,"Clothing > Accessories",,,https://woocommercecore.mystagingwebsite.com/wp-content/uploads/2017/12/sunglasses-2.jpg,,,,,,,,,0,,,,,,,,,1,,,,
RS367,simple,RS367,Anchoas 200g,1,0,visible,,,,,taxable,,1,,,1,1,,,,,1,,,,"Clothing > Tshirts",,,https://woocommercecore.mystagingwebsite.com/wp-content/uploads/2017/12/polo-2.jpg,,,,,,,,,0,Color,Blue,1,1,,,,,1,,,,
RS2861,simple,RS2861,Anchoas 820g,1,0,visible,,,,,taxable,,1,,,1,1,,,,,1,,,,Clothing,,,"https://woocommercecore.mystagingwebsite.com/wp-content/uploads/2017/12/logo-1.jpg, https://woocommercecore.mystagingwebsite.com/wp-content/uploads/2017/12/beanie-with-logo-1.jpg, https://woocommercecore.mystagingwebsite.com/wp-content/uploads/2017/12/t-shirt-with-logo-1.jpg, https://woocommercecore.mystagingwebsite.com/wp-content/uploads/2017/12/hoodie-with-logo-2.jpg",,,,"woo-hoodie-with-logo, woo-tshirt, woo-beanie",,,,,0,,,,,,,,,1,,,,
RS2802,simple,RS2802,Anchoas en Aceite Marbella 1Kg,1,0,visible,,,,,taxable,,1,,,1,1,,,,,1,,,,
RS2801,simple,RS2801,Anchoas en Aceite Marbella 90g,1,0,visible,,,,,taxable,,1,,,1,1,,,,,1,,,,
SAM441,simple,SAM441,Arroz Mascota Blanco 2Kg,1,0,visible,,,,,taxable,,1,,,1,1,,,,,1,,,,
SAM431,simple,SAM431,Arroz Saman Blanco 1/2Kg,1,0,visible,,,,,taxable,,1,,,1,1,,,,,1,,,,
RS0031,simple,RS0031,Atún Trozos en Agua Golden Fish 850 g,1,0,visible,,,,,taxable,,1,,,1,1,,,,,1,,,,
RSU361,simple,RSU361,Bacalao 1Kg,1,0,visible,,,,,taxable,,1,,,1,1,,,,,1,,,,
RS2092,simple,RS2092,Box de Tomate Campero 900g,1,0,visible,,,,,taxable,,1,,,1,1,,,,,1,,,,
RSU268,simple,RSU268,Cereza Verde al Marrasquino 3.1Kg,1,0,visible,,,,,taxable,,1,,,1,1,,,,,1,,,,
RS262,simple,RS262,Cerezas al Marroquino Fresco 200g,1,0,visible,,,,,taxable,,1,,,1,1,,,,,1,,,,
RS263,simple,RS263,Cerezas Confitadas 8Kg,1,0,visible,,,,,taxable,,1,,,1,1,,,,,1,,,,
RSK0051,simple,RSK0051,Clavo de Olor 1Kg,1,0,visible,,,,,taxable,,1,,,1,1,,,,,1,,,,
RS0051,simple,RS0051,Clavo de Olor 25Kg,1,0,visible,,,,,taxable,,1,,,1,1,,,,,1,,,,
RSB005,simple,RSB005,Clavo de Olor 5Kg,1,0,visible,,,,,taxable,,1,,,1,1,,,,,1,,,,
RS0411,simple,RS0411,Coco Chips 11.34Kg,1,0,visible,,,,,taxable,,1,,,1,1,,,,,1,,,,
RSK0411,simple,RSK0411,Coco Chips 1Kg,1,0,visible,,,,,taxable,,1,,,1,1,,,,,1,,,,
RSB0411,simple,RSB0411,Coco Chips 5Kg,1,0,visible,,,,,taxable,,1,,,1,1,,,,,1,,,,
RSK069,simple,RSK069,Coco Rallado 1Kg,1,0,visible,,,,,taxable,,1,,,1,1,,,,,1,,,,
RS0410,simple,RS0410,Coco Rallado Fino 25Kg,1,0,visible,,,,,taxable,,1,,,1,1,,,,,1,,,,
RSB069,simple,RSB069,Coco Rallado Fino 5Kg,1,0,visible,,,,,taxable,,1,,,1,1,,,,,1,,,,
RS045,simple,RS045,Cocoa Cosecha Dorada 2.5Kg,1,0,visible,,,,,taxable,,1,,,1,1,,,,,1,,,,
RS1020,simple,RS1020,Frutillas Deshidratadas 12.5Kg,1,0,visible,,,,,taxable,,1,,,1,1,,,,,1,,,,
RS3191,simple,RS3191,Copos de Maiz Azucarados 1Kg,1,0,visible,,,,,taxable,,1,,,1,1,,,,,1,,,,
RS3192,simple,RS3192,Copos de Maiz Azucarados 200g,1,0,visible,,,,,taxable,,1,,,1,1,,,,,1,,,,
RS319,simple,RS319,Copos de Maiz Azucarados 25Kg,1,0,visible,,,,,taxable,,1,,,1,1,,,,,1,,,,
RS317,simple,RS317,Copos de Maiz Integral 25Kg,1,0,visible,,,,,taxable,,1,,,1,1,,,,,1,,,,
RS3181,simple,RS3181,Copos de Maiz Natural 1Kg,1,0,visible,,,,,taxable,,1,,,1,1,,,,,1,,,,
RS318,simple,RS318,Copos de Maiz Natural 25Kg,1,0,visible,,,,,taxable,,1,,,1,1,,,,,1,,,,
RS3182,simple,RS3182,Copos de Maiz Natural Nutri 150g,1,0,visible,,,,,taxable,,1,,,1,1,,,,,1,,,,
RS124,simple,RS124,Corned Beef Cosecha Dorada 340g,1,0,visible,,,,,taxable,,1,,,1,1,,,,,1,,,,
RSK038,simple,RSK038,Curcuma 1Kg,1,0,visible,,,,,taxable,,1,,,1,1,,,,,1,,,,
RS3020,simple,RS3020,Duraznos en Almibar Coseca Dorada 3Kg,1,0,visible,,,,,taxable,,1,,,1,1,,,,,1,,,,
RSE140,simple,RSE140,Fariña Cosecha Dorada 400g,1,0,visible,,,,,taxable,,1,,,1,1,,,,,1,,,,
RS136,simple,RS136,Fariña de Mandioca 25Kg,1,0,visible,,,,,taxable,,1,,,1,1,,,,,1,,,,
RSB136,simple,RSB136,Fariña de Mandioca 5Kg,1,0,visible,,,,,taxable,,1,,,1,1,,,,,1,,,,
RSK077,simple,RSK077,Fecula de Maiz Amisol 1Kg,1,0,visible,,,,,taxable,,1,,,1,1,,,,,1,,,,
RS077,simple,RS077,Fecula de Maiz Amisol 25Kg,1,0,visible,,,,,taxable,,1,,,1,1,,,,,1,,,,
RS3910,simple,RS3910,Galletas Maria Tradicional Estrela 350g,1,0,visible,,,,,taxable,,1,,,1,1,,,,,1,,,,
RSK281,simple,RSK281,Garbanzos 1Kg,1,0,visible,,,,,taxable,,1,,,1,1,,,,,1,,,,
RS282,simple,RS282,Garbanzos 8MM 25Kg,1,0,visible,,,,,taxable,,1,,,1,1,,,,,1,,,,
RSB281,simple,RSB281,Garbanzos 8MM 5Kg,1,0,visible,,,,,taxable,,1,,,1,1,,,,,1,,,,
RS0784,simple,RS0784,Garrapiñada 5.5Kg,1,0,visible,,,,,taxable,,1,,,1,1,,,,,1,,,,
RSK286,simple,RSK286,Girasol Confitero 1Kg,1,0,visible,,,,,taxable,,1,,,1,1,,,,,1,,,,
RS2865,simple,RS2865,Girasol Confitero 25Kg,1,0,visible,,,,,taxable,,1,,,1,1,,,,,1,,,,
RSK2861,simple,RSK2861,Girasol Tostado 1Kg,1,0,visible,,,,,taxable,,1,,,1,1,,,,,1,,,,
RSK2862,simple,RSK2862,Girasol Tostado C/Sal 1Kg,1,0,visible,,,,,taxable,,1,,,1,1,,,,,1,,,,
RSE1151,simple,RSE1151,Gofio Pajarito 1/2Kg,1,0,visible,,,,,taxable,,1,,,1,1,,,,,1,,,,
RSE115,simple,RSE115,Gofio Pajarito 1Kg,1,0,visible,,,,,taxable,,1,,,1,1,,,,,1,,,,
RS320,simple,RS320,Granola 1.5Kg,1,0,visible,,,,,taxable,,1,,,1,1,,,,,1,,,,
RSK7010,simple,RSK7010,Granola Frutos Secos 900g,1,0,visible,,,,,taxable,,1,,,1,1,,,,,1,,,,
RSK7011,simple,RSK7011,Granola Frutos Secos C/Stevia 900g,1,0,visible,,,,,taxable,,1,,,1,1,,,,,1,,,,
RS3201,simple,RS3201,Granola Paquete 320g,1,0,visible,,,,,taxable,,1,,,1,1,,,,,1,,,,
RSK7000,simple,RSK7000,Granola Tradicional 900g,1,0,visible,,,,,taxable,,1,,,1,1,,,,,1,,,,
RSK7001,simple,RSK7001,Granola Tradicional C/Stevia 900g,1,0,visible,,,,,taxable,,1,,,1,1,,,,,1,,,,
RS173,simple,RS173,Harina de Maiz 25Kg,1,0,visible,,,,,taxable,,1,,,1,1,,,,,1,,,,
RSB114,simple,RSB114,Harina de Maiz 5Kg,1,0,visible,,,,,taxable,,1,,,1,1,,,,,1,,,,
RS386,simple,RS386,Hongos en Escabeche Cosecha Dorada 350g,1,0,visible,,,,,taxable,,1,,,1,1,,,,,1,,,,
RS387,simple,RS387,Hongos en Escabeche Cosecha Dorada 660g,1,0,visible,,,,,taxable,,1,,,1,1,,,,,1,,,,
RS388,simple,RS388,Hongos en Vinagre Cosecha Dorada 350g,1,0,visible,,,,,taxable,,1,,,1,1,,,,,1,,,,
RS389,simple,RS389,Hongos en Vinagre Cosecha Dorada 660g,1,0,visible,,,,,taxable,,1,,,1,1,,,,,1,,,,
RS5503,simple,RS5503,Jabon en Polvo Pacholi 3Kg,1,0,visible,,,,,taxable,,1,,,1,1,,,,,1,,,,
RS5504,simple,RS5504,Jabon en Polvo Pacholi 400g,1,0,visible,,,,,taxable,,1,,,1,1,,,,,1,,,,
RS5505,simple,RS5505,Jabon en Polvo Pacholi 5Kg,1,0,visible,,,,,taxable,,1,,,1,1,,,,,1,,,,
RS5518,simple,RS5518,Jabon en Polvo Pacholi 800g,1,0,visible,,,,,taxable,,1,,,1,1,,,,,1,,,,
RSK040,simple,RSK040,Jengibre en Polvo 1Kg,1,0,visible,,,,,taxable,,1,,,1,1,,,,,1,,,,
RS0040,simple,RS0040,Lentejas Argentinas 25Kg,1,0,visible,,,,,taxable,,1,,,1,1,,,,,1,,,,
RSK288,simple,RSK288,Lentejon 1Kg,1,0,visible,,,,,taxable,,1,,,1,1,,,,,1,,,,
RSB0055,simple,RSB0055,Lentejon 5Kg,1,0,visible,,,,,taxable,,1,,,1,1,,,,,1,,,,
RS288,simple,RS288,Lentejones 25Kg,1,0,visible,,,,,taxable,,1,,,1,1,,,,,1,,,,
RSK2851,simple,RSK2851,Lino Dorada 1Kg,1,0,visible,,,,,taxable,,1,,,1,1,,,,,1,,,,
RS285,simple,RS285,Lino Dorado 25Kg,1,0,visible,,,,,taxable,,1,,,1,1,,,,,1,,,,
RSB2851,simple,RSB2851,Lino Dorado 5Kg,1,0,visible,,,,,taxable,,1,,,1,1,,,,,1,,,,
RSK287,simple,RSK287,Lino Marron 1Kg,1,0,visible,,,,,taxable,,1,,,1,1,,,,,1,,,,
RS287,simple,RS287,Lino Marron 25Kg,1,0,visible,,,,,taxable,,1,,,1,1,,,,,1,,,,
RSB287,simple,RSB287,Lino Marron 5Kg,1,0,visible,,,,,taxable,,1,,,1,1,,,,,1,,,,
RS23,simple,RS23,Maiz en Grano Cosecha Dorada 300g,1,0,visible,,,,,taxable,,1,,,1,1,,,,,1,,,,
RS25,simple,RS25,Maiz en Grano Cosecha Dorada 800g,1,0,visible,,,,,taxable,,1,,,1,1,,,,,1,,,,
RS089,simple,RS089,Maiz Pisingallo 25Kg,1,0,visible,,,,,taxable,,1,,,1,1,,,,,1,,,,
RSE089,simple,RSE089,Maiz Pisingallo 400g,1,0,visible,,,,,taxable,,1,,,1,1,,,,,1,,,,
RSB089,simple,RSB089,Maiz Pisingallo 5Kg,1,0,visible,,,,,taxable,,1,,,1,1,,,,,1,,,,
RS112,simple,RS112,Mani con Cascara 12Kg,1,0,visible,,,,,taxable,,1,,,1,1,,,,,1,,,,
RS0785,simple,RS0785,Mani en Grano 25Kg,1,0,visible,,,,,taxable,,1,,,1,1,,,,,1,,,,
RS178,simple,RS178,Mani Runner 25Kg,1,0,visible,,,,,taxable,,1,,,1,1,,,,,1,,,,
RSB078,simple,RSB078,Mani Runner 5Kg,1,0,visible,,,,,taxable,,1,,,1,1,,,,,1,,,,
RS0783,simple,RS0783,Mani Tostado S/Sal 25Kg,1,0,visible,,,,,taxable,,1,,,1,1,,,,,1,,,,
RSH783,simple,RSH783,Mani Tostado S/Sal Cosecha Dorada 1Kg,1,0,visible,,,,,taxable,,1,,,1,1,,,,,1,,,,
RSE785,simple,RSE785,Mani Tostado S/Sal Nutrifood 800g,1,0,visible,,,,,taxable,,1,,,1,1,,,,,1,,,,
RS0781,simple,RS0781,Mani Tostado Salado 25Kg,1,0,visible,,,,,taxable,,1,,,1,1,,,,,1,,,,
RSH781,simple,RSH781,Mani Tostado Salado Cosecha Dorada 1Kg,1,0,visible,,,,,taxable,,1,,,1,1,,,,,1,,,,
RSE784,simple,RSE784,Mani Tostado Salado Nutrifood 800g,1,0,visible,,,,,taxable,,1,,,1,1,,,,,1,,,,
RS116,simple,RS116,Mazamorra 25Kg,1,0,visible,,,,,taxable,,1,,,1,1,,,,,1,,,,
RSB116,simple,RSB116,Mazamorra 5Kg,1,0,visible,,,,,taxable,,1,,,1,1,,,,,1,,,,
RSB117,simple,RSB117,Mazamorra Blanca 5Kg,1,0,visible,,,,,taxable,,1,,,1,1,,,,,1,,,,
RS230,simple,RS230,Miel 1 Kg,1,0,visible,,,,,taxable,,1,,,1,1,,,,,1,,,,
RS231,simple,RS231,Miel 500g,1,0,visible,,,,,taxable,,1,,,1,1,,,,,1,,,,
RS716,simple,RS716,Mostaza C/Miel 300g,1,0,visible,,,,,taxable,,1,,,1,1,,,,,1,,,,
RS710,simple,RS710,Mostaza Oscura Hemmer 1Kg,1,0,visible,,,,,taxable,,1,,,1,1,,,,,1,,,,
RS711,simple,RS711,Mostaza Oscura Hemmer 300g,1,0,visible,,,,,taxable,,1,,,1,1,,,,,1,,,,
RS207,simple,RS207,Nueces Peladas Cuartos 10Kg,1,0,visible,,,,,taxable,,1,,,1,1,,,,,1,,,,
RS202,simple,RS202,Nuez C/Cascara 25Kg,1,0,visible,,,,,taxable,,1,,,1,1,,,,,1,,,,
RSB202,simple,RSB202,Nuez C/Cascara 5Kg,1,0,visible,,,,,taxable,,1,,,1,1,,,,,1,,,,
RSK306,simple,RSK306,Nuez Moscada Entera 1Kg,1,0,visible,,,,,taxable,,1,,,1,1,,,,,1,,,,
RS306,simple,RS306,Nuez Moscada Entera 25Kg,1,0,visible,,,,,taxable,,1,,,1,1,,,,,1,,,,
RSB306,simple,RSB306,Nuez Moscada Entera 5Kg,1,0,visible,,,,,taxable,,1,,,1,1,,,,,1,,,,
RSK305,simple,RSK305,Nuez Moscada Molida 1Kg,1,0,visible,,,,,taxable,,1,,,1,1,,,,,1,,,,
RSB305,simple,RSB305,Nuez Moscada Molida 5Kg,1,0,visible,,,,,taxable,,1,,,1,1,,,,,1,,,,
RS304,simple,RS304,Nuez Moscada Rota 25Kg,1,0,visible,,,,,taxable,,1,,,1,1,,,,,1,,,,
RSK207,simple,RSK207,Nuez Pelada en Cuartos 1Kg,1,0,visible,,,,,taxable,,1,,,1,1,,,,,1,,,,
RS206,simple,RS206,Nuez Pelada Mariposa 10Kg,1,0,visible,,,,,taxable,,1,,,1,1,,,,,1,,,,
RSK206,simple,RSK206,Nuez Pelada Mariposa 1Kg,1,0,visible,,,,,taxable,,1,,,1,1,,,,,1,,,,
RS130,simple,RS130,Oregano 12.5Kg,1,0,visible,,,,,taxable,,1,,,1,1,,,,,1,,,,
RSH130,simple,RSH130,Oregano Cosecha Dorada 250g,1,0,visible,,,,,taxable,,1,,,1,1,,,,,1,,,,
RS1010,simple,RS1010,Pasas de Uva Argentinas Rio Blanco 10Kg,1,0,visible,,,,,taxable,,1,,,1,1,,,,,1,,,,
RSK111,simple,RSK111,Pasas de Uva C/Chocolate 1Kg,1,0,visible,,,,,taxable,,1,,,1,1,,,,,1,,,,
RS1310,simple,RS1310,Pasas de Uva Chilenas 10Kg,1,0,visible,,,,,taxable,,1,,,1,1,,,,,1,,,,
RS1311,simple,RS1311,Pasas de Uva Jumbo Chilenas 10Kg,1,0,visible,,,,,taxable,,1,,,1,1,,,,,1,,,,
RSK110,simple,RSK110,Pasas de Uva Morenas 1Kg,1,0,visible,,,,,taxable,,1,,,1,1,,,,,1,,,,
RSK1210,simple,RSK1210,Pasas de Uva Rubias 1Kg,1,0,visible,,,,,taxable,,1,,,1,1,,,,,1,,,,
RS1210,simple,RS1210,Pasas de Uva Rubias 10Kg,1,0,visible,,,,,taxable,,1,,,1,1,,,,,1,,,,
RS1071,simple,RS1071,Pate de Jamon Cosecha Dorada 100g,1,0,visible,,,,,taxable,,1,,,1,1,,,,,1,,,,
RS1031,simple,RS1031,Pate de Lengua Cosecha Dorada 100g,1,0,visible,,,,,taxable,,1,,,1,1,,,,,1,,,,
RS1051,simple,RS1051,Pate de Pollo Cosecha Dorada 100g,1,0,visible,,,,,taxable,,1,,,1,1,,,,,1,,,,
RS704,simple,RS704,Pepinos en Rodajas 550g,1,0,visible,,,,,taxable,,1,,,1,1,,,,,1,,,,
RS702,simple,RS702,Pepinos Enteros 2.9Kg,1,0,visible,,,,,taxable,,1,,,1,1,,,,,1,,,,
RS703,simple,RS703,Pepinos Enteros 550g,1,0,visible,,,,,taxable,,1,,,1,1,,,,,1,,,,
RS3150,simple,RS3150,Perejil 20Kg,1,0,visible,,,,,taxable,,1,,,1,1,,,,,1,,,,
RS382,simple,RS382,Pickles Cosecha Dorada 350g,1,0,visible,,,,,taxable,,1,,,1,1,,,,,1,,,,
RS383,simple,RS383,Pickles Cosecha Dorada 660g,1,0,visible,,,,,taxable,,1,,,1,1,,,,,1,,,,
RS096,simple,RS096,Pimenton Choice 2.5Kg,1,0,visible,,,,,taxable,,1,,,1,1,,,,,1,,,,
RSK097,simple,RSK097,Pimenton Delicia 1Kg,1,0,visible,,,,,taxable,,1,,,1,1,,,,,1,,,,
RS0971,simple,RS0971,Pimenton Delicia 2.5Kg,1,0,visible,,,,,taxable,,1,,,1,1,,,,,1,,,,
RSB097,simple,RSB097,Pimenton Delicia 5Kg,1,0,visible,,,,,taxable,,1,,,1,1,,,,,1,,,,
RS100,simple,RS100,Pimienta Blanca en Grano 25Kg,1,0,visible,,,,,taxable,,1,,,1,1,,,,,1,,,,
RSB100,simple,RSB100,Pimienta Blanca en Grano 5Kg,1,0,visible,,,,,taxable,,1,,,1,1,,,,,1,,,,
RSB134,simple,RSB134,Pimienta Blanca Molida 5Kg,1,0,visible,,,,,taxable,,1,,,1,1,,,,,1,,,,
RS1011,simple,RS1011,Pimienta Negra en Grano 25Kg,1,0,visible,,,,,taxable,,1,,,1,1,,,,,1,,,,
RSB101,simple,RSB101,Pimienta Negra en grano 5Kg,1,0,visible,,,,,taxable,,1,,,1,1,,,,,1,,,,
RSB135,simple,RSB135,Pimienta Negra Molida 5Kg,1,0,visible,,,,,taxable,,1,,,1,1,,,,,1,,,,
RS2202,simple,RS2202,Pistacho Pelado Crudo 12Kg,1,0,visible,,,,,taxable,,1,,,1,1,,,,,1,,,,
RSK2202,simple,RSK2202,Pistacho Pelado Crudo 1Kg,1,0,visible,,,,,taxable,,1,,,1,1,,,,,1,,,,
RS2201,simple,RS2201,Pistacho Tostado C/Cascara 10Kg,1,0,visible,,,,,taxable,,1,,,1,1,,,,,1,,,,
RSK2201,simple,RSK2201,Pistacho Tostado C/Cascara 1Kg,1,0,visible,,,,,taxable,,1,,,1,1,,,,,1,,,,
RS2200,simple,RS2200,Pistacho Tostado y Salado C/Cascara 10Kg,1,0,visible,,,,,taxable,,1,,,1,1,,,,,1,,,,
RSK2200,simple,RSK2200,Pistacho Tostado y Salado C/Cascara 1Kg,1,0,visible,,,,,taxable,,1,,,1,1,,,,,1,,,,
RS1919,simple,RS1919,Poroto de Alubia 25Kg,1,0,visible,,,,,taxable,,1,,,1,1,,,,,1,,,,
RSB1919,simple,RSB1919,Poroto de Alubia 5Kg,1,0,visible,,,,,taxable,,1,,,1,1,,,,,1,,,,
RS110,simple,RS110,Poroto de Frutilla 25Kg,1,0,visible,,,,,taxable,,1,,,1,1,,,,,1,,,,
RS191,simple,RS191,Poroto de Manteca 25Kg,1,0,visible,,,,,taxable,,1,,,1,1,,,,,1,,,,
RSB191,simple,RSB191,Poroto de Manteca 5Kg,1,0,visible,,,,,taxable,,1,,,1,1,,,,,1,,,,
RSK148,simple,RSK148,Poroto de Soja 1Kg,1,0,visible,,,,,taxable,,1,,,1,1,,,,,1,,,,
RS148,simple,RS148,Poroto de Soja 25Kg,1,0,visible,,,,,taxable,,1,,,1,1,,,,,1,,,,
RSB098,simple,RSB098,Poroto Frutilla 5Kg,1,0,visible,,,,,taxable,,1,,,1,1,,,,,1,,,,
RS149,simple,RS149,Poroto Negro 25Kg,1,0,visible,,,,,taxable,,1,,,1,1,,,,,1,,,,
RSK098,simple,RSK098,Porotos de Frutilla 1Kg,1,0,visible,,,,,taxable,,1,,,1,1,,,,,1,,,,
RSB149,simple,RSB149,Porotos Negros 5Kg,1,0,visible,,,,,taxable,,1,,,1,1,,,,,1,,,,
RS180,simple,RS180,Pure de Papas Blanco 12.5Kg,1,0,visible,,,,,taxable,,1,,,1,1,,,,,1,,,,
RS2094,simple,RS2094,Pure de Tomate Cosecha Dorada 680g,1,0,visible,,,,,taxable,,1,,,1,1,,,,,1,,,,
RS123,simple,RS123,Salchicha T/Viena Cosecha Dorada 180g,1,0,visible,,,,,taxable,,1,,,1,1,,,,,1,,,,
RS0331,simple,RS0331,Sardinas Enteras en Tomate Golden Fish 425g,1,0,visible,,,,,taxable,,1,,,1,1,,,,,1,,,,
RSK313,simple,RSK313,Semilla de Chia 1Kg,1,0,visible,,,,,taxable,,1,,,1,1,,,,,1,,,,
RS313,simple,RS313,Semilla de Chia 25Kg,1,0,visible,,,,,taxable,,1,,,1,1,,,,,1,,,,
RSK039,simple,RSK039,Semilla de Comino 1Kg,1,0,visible,,,,,taxable,,1,,,1,1,,,,,1,,,,
RS312,simple,RS312,Semilla de Quinoa Blanca 25Kg,1,0,visible,,,,,taxable,,1,,,1,1,,,,,1,,,,
RS310,simple,RS310,Semilla de Quinoa Dorada 25Kg,1,0,visible,,,,,taxable,,1,,,1,1,,,,,1,,,,
RSK3122,simple,RSK3122,Semilla de Quinoa Negra 1Kg,1,0,visible,,,,,taxable,,1,,,1,1,,,,,1,,,,
RS3122,simple,RS3122,Semilla de Quinoa Negra 25Kg,1,0,visible,,,,,taxable,,1,,,1,1,,,,,1,,,,
RSK3121,simple,RSK3121,Semilla de Quinoa Roja 1Kg,1,0,visible,,,,,taxable,,1,,,1,1,,,,,1,,,,
RS3121,simple,RS3121,Semilla de Quinoa Roja 25Kg,1,0,visible,,,,,taxable,,1,,,1,1,,,,,1,,,,
RSK314,simple,RSK314,Semilla de Zapallo 1Kg,1,0,visible,,,,,taxable,,1,,,1,1,,,,,1,,,,
RS314,simple,RS314,Semilla de Zapallo 25Kg,1,0,visible,,,,,taxable,,1,,,1,1,,,,,1,,,,
RSB314,simple,RSB314,Semilla de Zapallo 5Kg,1,0,visible,,,,,taxable,,1,,,1,1,,,,,1,,,,
RS299,simple,RS299,Sesamo Blanco 25Kg,1,0,visible,,,,,taxable,,1,,,1,1,,,,,1,,,,
RSB299,simple,RSB299,Sesamo Blanco 5Kg,1,0,visible,,,,,taxable,,1,,,1,1,,,,,1,,,,
RSK298,simple,RSK298,Sesamo Natural 1Kg,1,0,visible,,,,,taxable,,1,,,1,1,,,,,1,,,,
RS298,simple,RS298,Sesamo Natural 25Kg,1,0,visible,,,,,taxable,,1,,,1,1,,,,,1,,,,
RSB298,simple,RSB298,Sesamo Natural 5Kg,1,0,visible,,,,,taxable,,1,,,1,1,,,,,1,,,,
RS300,simple,RS300,Sesamo Negro 25Kg,1,0,visible,,,,,taxable,,1,,,1,1,,,,,1,,,,
RSB300,simple,RSB300,Sesamo Negro 5Kg,1,0,visible,,,,,taxable,,1,,,1,1,,,,,1,,,,
RS581,simple,RS581,Te Ceylan Saquitos x 10,1,0,visible,,,,,taxable,,1,,,1,1,,,,,1,,,,
RS580,simple,RS580,Te Ceylan Saquitos x 100,1,0,visible,,,,,taxable,,1,,,1,1,,,,,1,,,,
RS582,simple,RS582,Te Ceylan Saquitos x 25,1,0,visible,,,,,taxable,,1,,,1,1,,,,,1,,,,
RS585,simple,RS585,Te Ceylan Saquitos x 50,1,0,visible,,,,,taxable,,1,,,1,1,,,,,1,,,,
RS588,simple,RS588,Te Verde Saquito x 50,1,0,visible,,,,,taxable,,1,,,1,1,,,,,1,,,,
RS612,simple,RS612,Vainilla 1L,1,0,visible,,,,,taxable,,1,,,1,1,,,,,1,,,,
RS854,simple,RS854,Vino Blanco Dulce 1L,1,0,visible,,,,,taxable,,1,,,1,1,,,,,1,,,,
RS852,simple,RS852,Vino Rosado 1L,1,0,visible,,,,,taxable,,1,,,1,1,,,,,1,,,,
RS853,simple,RS853,Vino Rosado Dulce 1L,1,0,visible,,,,,taxable,,1,,,1,1,,,,,1,,,,
RS850,simple,RS850,Vino Sangria 1L,1,0,visible,,,,,taxable,,1,,,1,1,,,,,1,,,,
RS851,simple,RS851,Vino Tinto 1L,1,0,visible,,,,,taxable,,1,,,1,1,,,,,1,,,,
RS060,simple,RS060,Yerba Campero 1Kg,1,0,visible,,,,,taxable,,1,,,1,1,,,,,1,,,,
RS061,simple,RS061,Yerba Campero 500g,1,0,visible,,,,,taxable,,1,,,1,1,,,,,1,,,,
